id,name,cost mult,build time,income,upkeep,downgrade,upgrade,tags,data,image,plugin,desc,order,disruptDanger
sa_orbital,Orbital Station - Reclaimed,50,90,,3,,sa_battlestation,"station, sub_item, unraidable, structure","{
radius:55,
variant:sa_remstation_t1_standard,
fleetName:Orbital Station,
}",graphics/icons/industry/orbital_station.png,com.fs.starfarer.api.impl.campaign.econ.impl.OrbitalStation,"A reclaimed droneship Nexus, equipped with salvaged weapon batteries and arc spires

Must be reduced before invasions or bombardment can be attempted.",2010,
sa_battlestation,Battlestation - Reclaimed,100,120,,4,sa_orbital,sa_starfort,"station, battlestation, unraidable, structure","{
radius:65,
variant:sa_remstation_t2_standard,
fleetName:Battlestation,
}",graphics/icons/industry/battlestation.png,com.fs.starfarer.api.impl.campaign.econ.impl.OrbitalStation,"A reclaimed droneship Nexus, Augmented with shield modules and additional weapon batteries and defensive plating

Must be reduced before invasions or bombardment can be attempted.",2020,
sa_starfort,Star Fortress - Reclaimed,200,180,,5,sa_battlestation,,"station, starfortress, unraidable, structure","{
radius:70,
variant:sa_remstation_t3_standard,
fleetName:Star Fortress
}",graphics/icons/industry/battlestation.png,com.fs.starfarer.api.impl.campaign.econ.impl.OrbitalStation,"A reclaimed droneship nexus, Up armored with deautomated energy modules, an Earthbreaker battery, and higher quality gun batteries
Must be reduced before invasions or bombardment can be attempted.",2030,