name,id,designation,tech/manufacturer,system id,fleet pts,hitpoints,armor rating,max flux,8/6/5/4%,flux dissipation,ordnance points,fighter bays,max speed,acceleration,deceleration,max turn rate,turn acceleration,mass,shield type,defense id,shield arc,shield upkeep,shield efficiency,phase cost,phase upkeep,min crew,max crew,cargo,fuel,fuel/ly,range,max burn,base value,cr %/day,CR to deploy,peak CR sec,CR loss/sec,supplies/rec,supplies/mo,c/s,c/f,f/s,f/f,crew/s,crew/f,hints,tags,rarity,breakProb,minPieces,maxPieces,travel drive,number
Grunder,sa_grunder,,High Tech,,,100,5,500,,100,0,,400,500,450,180,360,10,NONE,,0,0,0,,,0,0,,,,,,,,,,,,,,,,,,,,,,0,,,,102
Shilage,sa_shilage,,High Tech,,,300,15,150,,150,0,,350,400,450,170,340,15,FRONT,,180,.4,.7,,,0,0,,,,,,,,,,,,,,,,,,,,,,0,,,,645
Kilo,sa_kilo,,Pirate,,,400,25,100,,10,0,,200,100,75,150,75,50,NONE,,,,,,,2,2,,,,,,,,,,,,,,,,,,,,,,0,,,,736
,,,,,,,,,,,,,,,,,,,,,,,,,,,,,,,,,,,,,,,,,,,,,,,,,,,,,
Munin,sa_munin,Smuggler Runner,Midline,reservewing,8,4500,275,3000,2833,200,75,2,100,50,25,40,30,425,OMNI,,180,0.4,0.8,,,50,120,300,150,2,75,10,36000,4,8,360,0.25,9,9,28,125,,,,,CARRIER,midline_bp,,0.6,2,3,,375
Hugin,sa_hugin,Smuggler Racer,Pirate,burndrive,8,4500,300,2700,2833,170,75,1,125,55,20,45,35,450,OMNI,,180,0.6,1.2,,,50,120,300,150,2,75,10,36000,4,8,360,0.25,9,9,28,125,,,,,,pirate_bp,,0.6,2,3,,376
Scalpel,sa_scalpel,Gunship,Midline,maneuveringjets,10,3500,200,6500,8333,700,100,,120,85,65,30,30,350,FRONT,,180,0.5,1.2,,,25,50,40,50,2,25,10,25000,5,15,300,0.25,10,10,,,,,,,,midline_bp,,0.5,2,3,,301
Trocar,sa_trocar,Impact Desroyer,Low Tech,burndrive,10,10000,1000,8000,5000,300,100,,75,45,10,24,12,3500,OMNI,,90,0.8,1.2,,,50,150,200,200,2,100,10,10000,5,10,300,0.25,15,15,,,,,,,,lowtech_bp,,0.5,2,3,,532
Gorget,sa_gorget,Support Destroyer,Midline,maneuveringjets,10,7000,250,8000,4000,400,80,,90,60,50,45,35,350,OMNI,,90,0.7,1,,,25,50,25,200,2,100,9,20000,6,8,300,0.25,15,15,,,,,,,,midline_bp,,0.5,3,4,,420
,,,,,,,,,,,,,,,,,,,,,,,,,,,,,,,,,,,,,,,,,,,,,,,,,,,,,
Pacemaker,sa_pacemaker,Missile Cruiser,Low Tech,forgevats,15,10000,750,6000,5000,600,190,1,50,20,10,10,6,3500,FRONT,,180,0.5,1,,,250,600,300,250,4,62,7,15000,6,10,450,0.25,25,25,,,,,,,"CARRIER, COMBAT",lowtech_bp,,0.4,2,3,,424
Scrapship,sa_scrapship,Cruiser,Low Tech,burndrive,10,10000,1250,7000,6000,300,110,2,50,30,25,20,15,1500,OMNI,,120,0.4,1,,,125,900,600,500,5,140,8,110000,5,10,540,0.25,8,8,,,,,,,CIVILIAN,lowtech_bp,,0.4,2,3,,402
Splint,sa_Splint,Makeshift Cruiser,Low Tech,ammofeed,20,15000,1000,10000,6000,500,150,,40,10,5,8,4,3000,OMNI,,90,0.6,1,,,230,550,300,200,4,50,7,20000,6,8,500,0.15,18,20,,,,,,,,lowtech_bp,,0.6,2,3,,492
Splint-XIV,sa_SplintXIV,Makeshift Cruiser,Low Tech,burndrive,20,15000,1000,10000,6000,600,150,,40,10,5,8,4,3000,OMNI,,90,0.6,1,,,230,550,300,200,4,50,7,20000,6,8,500,0.15,10,20,,,,,,,,"rare_bp,",,0.6,2,3,,492
Elanus,sa_elanus,Railgun Cruiser,Midline,maneuveringjets,15,7000,850,8000,7000,400,125,,65,50,30,20,25,700,FRONT,,270,0.4,0.8,,,100,180,100,100,3,33,9,80000,4,12,480,0.25,20,20,,,,,,,,midline_bp,,0.5,2,3,,400
Skua,sa_skua,Light Carrier,Midline,maneuveringjets,15,5500,650,6500,7000,350,125,2,70,50,30,20,25,650,FRONT,,270,0.4,0.8,,,140,200,150,125,3,33,9,80000,4,12,480,0.25,15,15,,,,,,,CARRIER,midline_bp,,0.5,2,3,,400
Mobster,sa_mobster,Converted Tanker,Low Tech,ammofeed,10,2500,400,10000,2500,350,130,1,50,30,20,40,25,400,OMNI,,90,0.5,1.2,,,15,30,20,200,2,100,8,22000,5,20,300,0.25,10,10,,,,,,,,pirate_bp,,0.75,3,4,,311
,,,,,,,,,,,,,,,,,,,,,,,,,,,,,,,,,,,,,,,,,,,,,,,,,,,,,
Cast,sa_cast,Carrier,High Tech,targetingfeed,25,18000,1200,14000,12000,650,260,4,40,20,10,20,10,3250,OMNI,,280,0.8,0.7,,,500,1250,200,200,10,20,7,400000,3,15,600,0.25,50,50,,,,,,,CARRIER,hightech_bp,,0.6,2,4,,501
Onslaught(?),sa_splitslaught,Battleship,Low Tech,burndrive,25,17500,1650,15000,13000,500,340,1,25,10,10,4,4,3500,FRONT,,180,0.4,1,,,750,1500,300,400,15,27,7,350000,3,12,720,0.25,40,40,,,,,,,,rare_bp,,0.4,2,4,,500
Brace,sa_brace,Scrapcarrier,Low Tech,damper,30,17000,1350,12000,10000,400,270,4,30,10,5,15,10,3750,FRONT,,80,0.4,1.1,,,600,1300,300,300,15,20,6,250000,3,12,720,0.25,30,30,,,,,,,"CARRIER, COMBAT",lowtech_bp,,0.5,2,4,,463
