id,variant,tags,tier,rarity,fleet pts,op cost,formation,range,attackRunRange,attackPositionOffset,num,role,role desc,refit,base value,,,,,,,,,,,,,number
sa_grunder_wing,sa_grunder_wing,"interceptor3, drone, remnant, ",1,.75,6,5,CLAW,4000,200,700,6,INTERCEPTOR,Swarmer Drone,5,7000,,,,,,,,,,,,,8
sa_shilage_wing,sa_shilage_wing,"fighter1, drone, remnant, rare_bp",2,.50,8,8,V,3000,200,600,3,FIGHTER,Combat Drone,7,10000,,,,,,,,,,,,,9
sa_kilo_wing,sa_kilo_wing,"support0, low, auto_fighter, pirate_bp",,,4,3,BOX,500,500,,2,FIGHTER,Defender,8,1500,,,,,,,,,,,,,5
sa_durand_wing,sa_durand_wing,"fighter4, fighter, mid, midline_bp, merc",2,.75,6,8,BOX,4000,400,,2,FIGHTER,Heavy Fighter,10,12000,,,,,,,,,,,,,10
