{
	# Super special fleets present in the sector that get a pointer after a while

	"sa_techcultists": {

		"trigger_marketFaction_any": ["hegemony","independent", "luddic_church", "luddic_path", "tritachyon",],
		"trigger_marketFaction_alliedWith": false,
		"trigger_market_minSize": 4,
		"trigger_player_minLevel": 8,
		"trigger_min_fleet_size": 175,
		"trigger_min_days_elapsed": 240,
		"trigger_weight_mult": 0.5,
		"trigger_relationships_atMost": {
			"pirates": 0.5
		},
		"trigger_relationships_atLeast": {
			"independent": 0.10
		},

		"job_name": "Destroy A Rogue Cultist Band",
		"job_description": "A number of fringe and mid core colonies have recently reported a bizzare string of attacks from ships of familiar yet, strange, origins, official reports from the Hegemony and Tri-tachyon both show shock and a denial of the alluded droneships, however all sides agree that these odd ships were infact human piloted, a number of the fleets were destroyed or driven off, with estimated hyperspace telemetries from flight logs and escaping fleets tracing to the $constellation region. The total bounty pool has acumulated to ==$reward credits== from all involved groups, having traces from all affected colony sectors, and suprisingly even the Luddic Path adding to the funds, likely in an attempt to destroy a suspected technological menace.",
		"job_comm_reply": "The camera feed barely flickers to life after an uncomfortable period of silence, the feed showing a smoke filled and dimly lit space strewn with cables and the remains of burnt out candles. Indistinct but furious chants blare across the comline amid the sounds of cheers and the pounding of metal on metal as the camera pans, showing the menagerie of excessively modded personell before cutting out.",
		"job_intel_success": "As soon as combat has ended you order your coms officer to compile the combat telemetry and recordings and have it sent out to paying parties, moments later a series of chimes indicate the alloted bounty reward being provided, a few inquire about the intact hulls but you assure them they'll be taken care of, in one way or another...",
		"job_forFaction": "independent",
		"job_deadline": 360,
		"job_credit_reward": 500000,
		"job_reward_scaling": 0.5,
		"job_reputation_reward":15,
		"job_type":"assassination",
		"job_show_captain": false,
		"job_show_fleet": "vanilla",
		"job_show_distance": "vanillaDistance",
		"job_difficultyDescription": "auto",
		"job_pick_option": "Make a copy of the bounty docket and target intel",

		"target_personality": "reckless",
		"target_level": 8,
		"target_skill_preference": "YES_ENERGY_NO_BALLISTIC_YES_MISSILE_YES_DEFENSE,",

		"fleet_name": "Assemblage of The Mechanical God",
		"fleet_faction": "pirates",
		"fleet_flagship_variant": [
			"sa_shoggoth_prophet",
		],
		"fleet_flagship_name": "Clockwork Justice",
		"fleet_flagship_recoverable": true,
		"fleet_preset_ships": {
			"sa_twilight_standard": 2,
			"sa_candela_assault": 2,
			"sa_almas_overdriven": 3
		},
		"fleet_scaling_multiplier": 1.5,
		"fleet_min_FP": 200,
		"fleet_composition_faction": "pirates",
		"fleet_composition_quality": 0.5,
		"fleet_transponder": false,
		"fleet_behavior": "AGGRESSIVE",

		"location_distance": "CLOSE",
		"location_themes": [
			"theme_interesting",
			"theme_ruins",
		],
		"location_themes_blacklist":[
			"theme_already_occupied",
			"theme_already_colonized",
			"theme_hidden",
		],
		"location_entities": [
			"gas_giant",
			"planet",
			"jump_point"
		],
		"location_prioritizeUnexplored": true,
		"location_defaultToAnyEntity": true
	},

"sa_fallen_angel": {

"trigger_marketFaction_any": ["independent", "pirate",],
"trigger_marketFaction_alliedWith": false,
"trigger_market_minSize": 3,
"trigger_player_minLevel": 10,
"trigger_min_fleet_size": 175,
"trigger_min_days_elapsed": 240,
"trigger_weight_mult": 0.5,
"trigger_relationships_atMost": {},
"trigger_relationships_atLeast": {
"independent": 0.20
},

"job_name": "One Last Fight",
"job_description": "Amid a listing of various petty headhunting offers, one particularly strange bounty stands out, a mercenary company assigning a rather generous dead drop bounty on, itself. The issued bounty shows off a trio of ships thought long lost, and a challenge to completely destroy the fleet.",
"job_comm_reply": "The comlink is almost immediately established, the opposing captain comments to someone offscreen, then salutes you \"Greetings spacer, suppose you're here for my bounty. Very well, fight hard out there, we will be, may the stars guide the victor.\"",
"job_intel_success": "Shortly following the destruction of the last of the mercenary forces, your tri-pad notifies you of the bounty pay having been added, alongside a small message. \" Good show out there, burn bright starfarer.\"",
"job_forFaction": "independent",
"job_deadline": 360,
"job_credit_reward": 400000,
"job_reward_scaling": 0.5,
"job_reputation_reward":4,
"job_type":"neutralisation",
"job_show_captain": true,
"job_show_fleet": "vanilla",
"job_show_distance": "vanillaDistance",
"job_difficultyDescription": "auto",
"job_pick_option": "Accept the challenge and download the location",

"target_personality": "aggressive",
"target_level": 10,
"target_skill_preference": "YES_MISSILE_YES_DEFENSE,",

"fleet_name": "Iron Flower Brigade",
"fleet_faction": "mercenary",
"fleet_flagship_variant": [
"sa_hashmal_prototype",
],
"fleet_flagship_name": "Eagle One",
"fleet_flagship_recoverable": true,
"fleet_preset_ships": {
"sa_hashmal_supercharged": 1,
"sa_hashmal_support": 1
},
"fleet_scaling_multiplier": 1.1,
"fleet_min_FP": 200,
"fleet_composition_faction": "mercenary",
"fleet_composition_quality": 0.5,
"fleet_transponder": false,
"fleet_behavior": "AGGRESSIVE",

"location_distance": "CLOSE",
"location_themes": [
"theme_interesting",
"theme_ruins",
],
"location_themes_blacklist":[
"theme_already_occupied",
"theme_already_colonized",
"theme_hidden",
],
"location_entities": [
"gas_giant",
"planet",
"jump_point"
],
"location_prioritizeUnexplored": true,
"location_defaultToAnyEntity": true
},

}