{
	# Super special fleets present in the sector that get a pointer after a while

	"sa_techcultists": {

		"trigger_marketFaction_any": ["hegemony","independent", "luddic_church", "luddic_path", "tritachyon",],
		"trigger_marketFaction_alliedWith": false,
		"trigger_market_minSize": 4,
		"trigger_player_minLevel": 8,
		"trigger_min_fleet_size": 175,
		"trigger_min_days_elapsed": 240,
		"trigger_weight_mult": 0.5,
		"trigger_relationships_atMost": {
			"pirates": 0.5
		},
		"trigger_relationships_atLeast": {
			"independent": 0.10
		},

		"job_name": "Destroy A Rogue Cultist Band",
		"job_description": "A number of fringe and mid core colonies have recently reported a bizzare string of attacks from ships of familiar yet, strange, origins, official reports from the Hegemony and Tri-tachyon both show shock and a denial of the alluded droneships, however all sides agree that these odd ships were infact human piloted, a number of the fleets were destroyed or driven off, with estimated hyperspace telemetries from flight logs and escaping fleets tracing to the $constellation region. The total bounty pool has acumulated to ==$reward credits== from all involved groups, having traces from all affected colony sectors, and suprisingly even the Luddic Path adding to the funds, likely in an attempt to destroy a suspected technological menace.",
		"job_comm_reply": "The camera feed barely flickers to life after an uncomfortable period of silence, the feed showing a smoke filled and dimly lit space strewn with cables and the remains of burnt out candles. Indistinct but furious chants blare across the comline amid the sounds of cheers and the pounding of metal on metal as the camera pans, showing the menagerie of excessively modded personell before cutting out.",
		"job_intel_success": "As soon as combat has ended you order your coms officer to compile the combat telemetry and recordings and have it sent out to paying parties, moments later a series of chimes indicate the alloted bounty reward being provided, a few inquire about the intact hulls but you assure them they'll be taken care of, in one way or another...",
		"job_forFaction": "independent",
		"job_deadline": 360,
		"job_credit_reward": 500000,
		"job_reward_scaling": 0.5,
		"job_reputation_reward":15,
		"job_type":"assassination",
		"job_show_captain": false,
		"job_show_fleet": "vanilla",
		"job_show_distance": "vanillaDistance",
		"job_difficultyDescription": "auto",
		"job_pick_option": "Make a copy of the bounty docket and target intel",

		"target_personality": "reckless",
		"target_level": 8,
		"target_skill_preference": "YES_ENERGY_NO_BALLISTIC_YES_MISSILE_YES_DEFENSE,",

		"fleet_name": "Assemblage of The Mechanical God",
		"fleet_faction": "pirates",
		"fleet_flagship_variant": [
			"sa_shoggoth_prophet",
		],
		"fleet_flagship_name": "Clockwork Justice",
		"fleet_flagship_recoverable": true,
		"fleet_preset_ships": {
			"sa_twilight_standard": 2,
			"sa_candela_assault": 2,
			"sa_almas_overdriven": 3
		},
		"fleet_scaling_multiplier": 1.5,
		"fleet_min_FP": 200,
		"fleet_composition_faction": "pirates",
		"fleet_composition_quality": 0.5,
		"fleet_transponder": false,
		"fleet_behavior": "AGGRESSIVE",

		"location_distance": "CLOSE",
		"location_themes": [
			"theme_interesting",
			"theme_ruins",
		],
		"location_themes_blacklist":[
			"theme_already_occupied",
			"theme_already_colonized",
			"theme_hidden",
		],
		"location_entities": [
			"gas_giant",
			"planet",
			"jump_point"
		],
		"location_prioritizeUnexplored": true,
		"location_defaultToAnyEntity": true
	},

"sa_fallen_angel": {

"trigger_marketFaction_any": ["independent", "pirate",],
"trigger_marketFaction_alliedWith": false,
"trigger_market_minSize": 3,
"trigger_player_minLevel": 10,
"trigger_min_fleet_size": 175,
"trigger_min_days_elapsed": 240,
"trigger_weight_mult": 0.5,
"trigger_relationships_atMost": {},
"trigger_relationships_atLeast": {
"independent": 0.20
},

"job_name": "One Last Fight",
"job_description": "Amid a listing of various petty headhunting offers, one particularly strange bounty stands out, a mercenary company assigning a rather generous dead drop bounty on, itself. The issued bounty shows off a trio of ships thought long lost, and a challenge to completely destroy the fleet.",
"job_comm_reply": "The comlink is almost immediately established, the opposing captain comments to someone offscreen, then salutes you \"Greetings spacer, suppose you're here for my bounty. Very well, fight hard out there, we will be, may the stars guide the victor.\"",
"job_intel_success": "Shortly following the destruction of the last of the mercenary forces, your tri-pad notifies you of the bounty pay having been added, alongside a small message. \" Good show out there, burn bright starfarer.\"",
"job_forFaction": "independent",
"job_deadline": 360,
"job_credit_reward": 400000,
"job_reward_scaling": 0.5,
"job_reputation_reward":4,
"job_type":"neutralisation",
"job_show_captain": true,
"job_show_fleet": "vanilla",
"job_show_distance": "vanillaDistance",
"job_difficultyDescription": "auto",
"job_pick_option": "Accept the challenge and download the location",

"target_personality": "aggressive",
"target_level": 10,
"target_skill_preference": "YES_MISSILE_YES_DEFENSE,",

"fleet_name": "Iron Flower Brigade",
"fleet_faction": "mercenary",
"fleet_flagship_variant": [
"sa_hashmal_prototype",
],
"fleet_flagship_name": "Eagle One",
"fleet_flagship_recoverable": true,
"fleet_preset_ships": {
"sa_hashmal_supercharged": 1,
"sa_hashmal_support": 1
},
"fleet_scaling_multiplier": 1.1,
"fleet_min_FP": 200,
"fleet_composition_faction": "mercenary",
"fleet_composition_quality": 0.5,
"fleet_transponder": false,
"fleet_behavior": "AGGRESSIVE",

"location_distance": "CLOSE",
"location_themes": [
"theme_interesting",
"theme_ruins",
],
"location_themes_blacklist":[
"theme_already_occupied",
"theme_already_colonized",
"theme_hidden",
],
"location_entities": [
"gas_giant",
"planet",
"jump_point"
],
"location_prioritizeUnexplored": true,
"location_defaultToAnyEntity": true
},

	"sa_lobstership": {

		"trigger_marketFaction_any": ["hegemony","independent", "luddic_church", "luddic_path", "tritachyon",],
		"trigger_marketFaction_alliedWith": false,
		"trigger_market_minSize": 4,
		"trigger_player_minLevel": 8,
		"trigger_min_fleet_size": 175,
		"trigger_min_days_elapsed": 240,
		"trigger_weight_mult": 0.5,
		"trigger_relationships_atMost": {
			"pirates": 0.5
		},
		"trigger_relationships_atLeast": {
			"independent": 0.10
		},

		"job_name": "Monster Hunt",
		"job_description": "A recently intercepted transmission detailing the most recent sighting of a particularly despised warship and it's escorting fleet outside of the core. While at first the data would appear as a bounty detailing from the luddic church with the religious text involved, the sheer number of quotes make it clear this is actually a message from the elusive pathers, it seems anyone bringing proof of the destruction of the mechanical beast will be well rewarded for their troubles, however the ship itself doesn't particularly have to be destroyed, and is rumored to produce new lobster, possibly a reward of it's own for such trouble...",
		"job_comm_reply": "The comlink connects almost immediately, promplty showing the stern glare of the fleet's captain and what almost resembles a massive aquarium behind them, wasting no time they begin to speak \"Attention Citizen, you are tresspassing on business from The Lion himself, power down your weapons and turn back at once!\"",
		"job_intel_success": "Gathering the images of the shattered beast from the salvages teams, you send a single data packet on the transmission line. There is only one response, a blessing and thanks alongside the promised credit donation being recieved soon after",
		"job_forFaction": "independent",
		"job_deadline": 360,
		"job_credit_reward": 500000,
		"job_reward_scaling": 0.5,
		"job_reputation_reward":20,
		"job_type":"assassination",
		"job_show_captain": true,
		"job_show_fleet": "vanilla",
		"job_show_distance": "vanillaDistance",
		"job_difficultyDescription": "auto",
		"job_pick_option": "Have comms send a response message",

		"target_personality": "steady",
		"target_level": 8,
		"target_skill_preference": "YES_ENERGY_NO_BALLISTIC_YES_MISSILE_YES_DEFENSE,",

		"fleet_name": "Lion's Fleet Kaijuu",
		"fleet_faction": "lions_guard",
		"fleet_flagship_variant": [
			"sa_lobster_royal",
		],
		"fleet_flagship_name": "LGS Lord of Volturn",
		"fleet_flagship_recoverable": true,
		"fleet_preset_ships": {
			"sa_aphrosyne_standard": 1,
			"sa_elanus_lg_standard": 2,
		},
		"fleet_scaling_multiplier": 1.5,
		"fleet_min_FP": 200,
		"fleet_composition_faction": "lions_guard",
		"fleet_composition_quality": 1,
		"fleet_transponder": false,
		"fleet_behavior": "AGGRESSIVE",

		"location_distance": "CLOSE",
		"location_themes": [
			"theme_interesting",
			"theme_ruins",
		],
		"location_themes_blacklist":[
			"theme_already_occupied",
			"theme_already_colonized",
			"theme_hidden",
		],
		"location_entities": [
			"gas_giant",
			"planet",
			"jump_point"
		],
		"location_prioritizeUnexplored": true,
		"location_defaultToAnyEntity": true
		},
		
		
	"sa_lone_ronin": {
	"job_name": "Investigate an unusual vessel",
	"job_description": "Unlike almost every personal combat listing, this bounty appeared as a handwritten note, detailing a particular system and a strange fleet within. Most curiously the lead vessel is described as being absent of crew despite it's hull requiring one to function",
"job_comm_reply": "The air in the bridge feels unusually still as a comlink accepts, the feed displaying only the warped and shaky visage of some sort of mask. Before anyone can comment a simple string of text forms below the image. \"IDENTITY=CONFIRMED. AFFILIATION=UNKNOWN. WARNING: AEGIS DEFENSE PROTOCOLS=ACTIVE\". Despite further attempts, no additional response is given, as if the ship is unable, or chooses to not display otherwise",
"job_intel_success": "There's no comms contact, no sudden reports, only two silent notes found resting on your command console. One contained a message, the other held the credentials for an anyonymous credit deposit \"One last battle for a wandering warrior, we thank you for giving him one last battle\" ",
"job_forFaction": "independent",
"job_deadline": 360,
"job_credit_reward": 400000,
"job_reward_scaling": 0.5,
"job_reputation_reward":0,
"job_type":"neutralisation",
"job_show_captain": false,
"job_show_fleet": "none",
"job_show_distance": "vanillaDistance",
"job_difficultyDescription": "auto",
"job_pick_option": "Hand the note to navigation to study",

"target_personality": "Reckless",
"target_level": 13,
"target_skill_preference": "YES_MISSILE_YES_DEFENSE,",

"fleet_name": "Unknown Fleet",
"fleet_faction": "ML_bounty",
"fleet_flagship_variant": [
"sa_ageis_assault",
],
"fleet_flagship_name": "Aegis",
"fleet_flagship_recoverable": true,
"fleet_preset_ships": {
"sa_legion_remnant_supressor": 1,
"rampart_Standard": 2,
"apex_Assault": 2,
"brilliant_Standard":2,
"bastillon_Standard": 4,
},
"fleet_scaling_multiplier": 1.2,
"fleet_min_FP": 250,
"fleet_composition_faction": "mercenary",
"fleet_composition_quality": 0.6,
"fleet_transponder": false,
"fleet_behavior": "NEUTRAL",

"location_distance": "CLOSE",
"location_themes": [
"theme_interesting",
"theme_ruins",
],
"location_themes_blacklist":[
"theme_already_occupied",
"theme_already_colonized",
"theme_hidden",
],
"location_entities": [
"gas_giant",
"planet",
"jump_point"
],
"location_prioritizeUnexplored": true,
"location_defaultToAnyEntity": true
},
},

}