{
	# should be a copy of "combatSmall", minus variants that are annoying to fight in low numbers
	# for example, no Hyperions or fast beam-based kiting loadouts, or ships with damper field
	"combatSmallForSmallFleet":{
	},
	"combatSmall":{
	"sa_gangster_strike":10
	},
	"combatMedium":{
	"sa_candela_assault":5,
	"sa_candela_support":5,
	"sa_scalpel_mining":3,
	"sa_scalpel_modified":7,
	"sa_gorget_attack" :3.5,
	"sa_gorget_escort" :3.5,
	"sa_gorget_missile" :3,
	"sa_mobster_shieldbreaker":4,
	"sa_mobster_assault":6,
	"sa_trocar_rammer":10,
	},
	"combatLarge":{
	"sa_box_attack":7,
	"sa_box_support":3,
	"sa_Splint_assault":7,
	"sa_Splint_defensive":3,
	"sa_SplintXIV_assault":7,
	"sa_SplintXIV_defensive":3,
	"sa_elanus_standard":7,
	"sa_elanus_strike":3,
	"sa_pacemaker_support":5,
	"sa_pacemaker_strike":5,
	"sa_lobster_arm_left_variant":10,
	"sa_lobster_arm_right_variant":10,
	},
	"combatCapital":{
	"sa_eclipse_assault":6,
	"sa_eclipse_support":4,
	"sa_brace_combat":5,
	"sa_brace_support":5,
	"sa_cast_support":10,
	"sa_splitslaught_makeshift":10,
	"sa_lobster_royal":10,
	"sa_gaia_standard":5,
	"sa_gaia_support":5,
	},
	
	
	# hybrid ships with good combat and cargo capacity
	"combatFreighterSmall":{
	},
	"combatFreighterMedium":{
	"sa_hugin_defended":10,
	"sa_munin_defended":10,
	},
	"combatFreighterLarge":{
	},
	
	"civilianRandom":{
	"sa_scrapship_exploration":4,
	"sa_scrapship_survey":4,
	"sa_scrapship_hauler":2,
	},

	# carriers
	"carrierSmall":{

	},
	"carrierMedium":{
	"sa_skua_screen":10,
	},
	"carrierLarge":{

	},

	# phase ships
	"phaseSmall":{
	},
	"phaseMedium":{
	},
	"phaseLarge":{
	},
	"phaseCapital":{
	},

	# freighters and such
	"freighterSmall":{
	},
	"freighterMedium":{
	},
	"freighterLarge":{
	},
	
	"tankerSmall":{
	},
	"tankerMedium":{
	},
	"tankerLarge":{
	},
	
	"personnelSmall":{
	},
	"personnelMedium":{
	},
	"personnelLarge":{
	},
	
	"linerSmall":{
	},
	"linerMedium":{
	},
	"linerLarge":{
	},
	
	# utility ships
	"tug":{
	},
	"crig":{
	},
	"utility":{
	},
	


	# Old/unused below this line
	"fastAttack":{
	},

	"escortSmall":{
	},
	"escortMedium":{
	},
	
}

