{
	"name":"ark_lappland",
	"personalities":["aggressive", "reckless"],
	"gender":["f"],
	"chance":0.6,
	"talkativeness":1,
	"categoryTags":["game", "arknights"],
	
	"lines":{
		"start":[
			{"text":"Someone out to get you, huh? Then have a long, hard think about who you might've wronged in the past."},
			{"text":"Once you pick up a weapon? You don't need a reason to kill."},
		],
		"start_boss":[	
			{"text":"Haha, you people... I don't think I'll even remember your faces after this one... Anyway, let's just get started."}
		],		
		"retreat":[
			{"text":"Heh. Ciao, Captain."}
		],
		"out_of_missiles":[
			{"text":"Sleep tight... enjoy your sweet dreams while you still can."}
		],
		"engaged":[
			{"text":"Solid positioning."},
			{"text":"Ahahaha!"},
		],
		"need_help":[
			{"text":"Tell me, what's your plan?"},
		],
		"pursuing":[
			{"text":"We're fighting you guys? Then please do your bestest job, or I'll be really bored."},
		],
		"running":[
			{"text":"...Lead the weak onward!"}
		],
		"hull_90":[
			{"text":"You'll have to try harder than that!"},
		],
		"hull_50":[
			{"text":"Hm? Did I see a red shadow flash by?"},
		],
		"hull_30":[
			{"text":"Molto bene!That's more like it! Strength, unfettered and unchained! That's what I'm talking about!"},
		],
		"overload":[
			{"text":"C'mon! C'eri quasi, tesoro!"},
		],
		"death":[
			{"text":"It's over? Ah, che noia!"},
		],
		"victory":[
			{"text":"Bravo! Now I want to crush them that much harder! Hahaha!"},
			{"text":"Not my best work. You can lay it on me for letting a few get away."},
		]
	}
}
